timestamp_utc,status,total_vehicles_detected,image_url
2026-07-28T19:11:44.228183+00:00,ok,5,https://public.senserasystems.com/public/media/M78031286A82/1785265823583.jpg
2026-07-28T19:15:18.014253+00:00,ok,5,https://public.senserasystems.com/public/media/M78031286A82/1785265823583.jpg
2026-07-28T19:20:14.069953+00:00,ok,4,https://public.senserasystems.com/public/media/M78031286A82/1785266125194.jpg
2026-07-28T19:25:13.687174+00:00,ok,3,https://public.senserasystems.com/public/media/M78031286A82/1785266425468.jpg
2026-07-28T19:30:18.461561+00:00,ok,4,https://public.senserasystems.com/public/media/M78031286A82/1785266724355.jpg
2026-07-28T19:35:13.497844+00:00,ok,4,https://public.senserasystems.com/public/media/M78031286A82/1785267023971.jpg
2026-07-28T19:40:14.098783+00:00,ok,4,https://public.senserasystems.com/public/media/M78031286A82/1785267324270.jpg
2026-07-28T19:45:12.424263+00:00,ok,4,https://public.senserasystems.com/public/media/M78031286A82/1785267624460.jpg
2026-07-28T19:50:13.050396+00:00,ok,4,https://public.senserasystems.com/public/media/M78031286A82/1785267923523.jpg
